-- ============================================================
-- seed.sql
-- Company OS — Seed data for Planificacion module
-- UUIDs match lib/mock-data.ts for consistency
-- Created: 2026-03-25
-- ============================================================

-- ============================================================
-- 1. empresas_grupo
-- ============================================================
INSERT INTO empresas_grupo (id, nombre, nombre_legal, codigo, cif, created_at, updated_at) VALUES
  ('10000000-0000-0000-0000-000000000001', 'Digital Menta Mexico', 'DIGITAL MENTA MEXICO SA DE CV', 'DMM', 'DMM220217727', '2026-03-25T10:00:00Z', '2026-03-25T10:00:00Z'),
  ('10000000-0000-0000-0000-000000000002', 'Digital Menta España', 'DIGITALMENTA MARKETING SL', 'DME', 'B42777821', '2026-03-25T10:00:00Z', '2026-03-25T10:00:00Z'),
  ('10000000-0000-0000-0000-000000000003', 'Imagine Group', 'IMAGINE FOREVER SL', 'IMG', 'B24902843', '2026-03-25T10:00:00Z', '2026-03-25T10:00:00Z'),
  ('10000000-0000-0000-0000-000000000004', 'Kauai Agency', 'CREATIVE JUMP LAB SL', 'KAU', 'B16399404', '2026-03-25T10:00:00Z', '2026-03-25T10:00:00Z'),
  ('10000000-0000-0000-0000-000000000005', 'BidBalance', 'ZAZEN DIGITAL SL', 'BBD', 'B88249529', '2026-03-25T10:00:00Z', '2026-03-25T10:00:00Z'),
  ('10000000-0000-0000-0000-000000000006', 'Dr Roberts', 'DR ROBERTS STRATEGY AND AI STUDIO SL', 'DRR', 'B22838494', '2026-03-25T10:00:00Z', '2026-03-25T10:00:00Z'),
  ('10000000-0000-0000-0000-000000000007', 'Aurea People', 'MENTA MAKERS SL', 'AUR', 'B40610214', '2026-03-25T10:00:00Z', '2026-03-25T10:00:00Z');

-- ============================================================
-- 2. catalogo_servicios
-- ============================================================
INSERT INTO catalogo_servicios (id, empresa_grupo_id, nombre, codigo, descripcion, created_at, updated_at) VALUES
  ('20000000-0000-0000-0000-000000000001', '10000000-0000-0000-0000-000000000001', 'SEO', 'SEO', 'Posicionamiento orgánico en buscadores', '2026-03-25T10:00:00Z', '2026-03-25T10:00:00Z'),
  ('20000000-0000-0000-0000-000000000002', '10000000-0000-0000-0000-000000000001', 'SEM', 'SEM', 'Campañas de pago en buscadores', '2026-03-25T10:00:00Z', '2026-03-25T10:00:00Z'),
  ('20000000-0000-0000-0000-000000000003', '10000000-0000-0000-0000-000000000001', 'Diseño UX', 'UX', 'Diseño de experiencia de usuario', '2026-03-25T10:00:00Z', '2026-03-25T10:00:00Z'),
  ('20000000-0000-0000-0000-000000000004', '10000000-0000-0000-0000-000000000002', 'Desarrollo Web', 'DEV', 'Desarrollo de sitios y aplicaciones web', '2026-03-25T10:00:00Z', '2026-03-25T10:00:00Z'),
  ('20000000-0000-0000-0000-000000000005', '10000000-0000-0000-0000-000000000002', 'Social Media', 'SOCIAL', 'Gestión de redes sociales', '2026-03-25T10:00:00Z', '2026-03-25T10:00:00Z'),
  ('20000000-0000-0000-0000-000000000006', '10000000-0000-0000-0000-000000000001', 'Branding', 'BRAND', 'Identidad de marca y estrategia visual', '2026-03-25T10:00:00Z', '2026-03-25T10:00:00Z'),
  ('20000000-0000-0000-0000-000000000007', '10000000-0000-0000-0000-000000000003', 'Consultoría', 'CONS', 'Consultoría estratégica digital', '2026-03-25T10:00:00Z', '2026-03-25T10:00:00Z'),
  ('20000000-0000-0000-0000-000000000008', '10000000-0000-0000-0000-000000000001', 'Analítica', 'ANALYTICS', 'Medición y análisis de datos', '2026-03-25T10:00:00Z', '2026-03-25T10:00:00Z');

-- ============================================================
-- 3. departamentos (49 departamentos reales — ver migración 009 para detalle completo)
-- ============================================================
INSERT INTO departamentos (id, empresa_grupo_id, nombre, codigo, descripcion) VALUES
  -- IMG
  ('30000000-0000-0000-0000-000000000001', '10000000-0000-0000-0000-000000000003', 'Administración',        'ADM', 'Administración del holding'),
  ('30000000-0000-0000-0000-000000000002', '10000000-0000-0000-0000-000000000003', 'Talento',               'TAL', 'Gestión de talento y personas'),
  ('30000000-0000-0000-0000-000000000003', '10000000-0000-0000-0000-000000000003', 'Outbound',              'OUB', 'Desarrollo de negocio y captación'),
  -- Paid Media (DMM, DME, KAU, DRR)
  ('30000000-0000-0000-0000-000000000004', '10000000-0000-0000-0000-000000000001', 'Paid Media',            'PPC', 'Gestión de campañas de pago'),
  ('30000000-0000-0000-0000-000000000005', '10000000-0000-0000-0000-000000000002', 'Paid Media',            'PPC', 'Gestión de campañas de pago'),
  ('30000000-0000-0000-0000-000000000006', '10000000-0000-0000-0000-000000000004', 'Paid Media',            'PPC', 'Gestión de campañas de pago'),
  ('30000000-0000-0000-0000-000000000007', '10000000-0000-0000-0000-000000000006', 'Paid Media',            'PPC', 'Gestión de campañas de pago'),
  -- SEO GEO (DMM, DME, KAU)
  ('30000000-0000-0000-0000-000000000008', '10000000-0000-0000-0000-000000000001', 'SEO GEO',               'SEO', 'SEO y geolocalización'),
  ('30000000-0000-0000-0000-000000000009', '10000000-0000-0000-0000-000000000002', 'SEO GEO',               'SEO', 'SEO y geolocalización'),
  ('30000000-0000-0000-0000-000000000010', '10000000-0000-0000-0000-000000000004', 'SEO GEO',               'SEO', 'SEO y geolocalización'),
  -- Growth (DMM, DME)
  ('30000000-0000-0000-0000-000000000011', '10000000-0000-0000-0000-000000000001', 'Growth',                'GRO', 'Estrategia y crecimiento'),
  ('30000000-0000-0000-0000-000000000012', '10000000-0000-0000-0000-000000000002', 'Growth',                'GRO', 'Estrategia y crecimiento'),
  -- Automation (DMM, DME, KAU)
  ('30000000-0000-0000-0000-000000000013', '10000000-0000-0000-0000-000000000001', 'Automation',            'AUT', 'Marketing automation y CRM'),
  ('30000000-0000-0000-0000-000000000014', '10000000-0000-0000-0000-000000000002', 'Automation',            'AUT', 'Marketing automation y CRM'),
  ('30000000-0000-0000-0000-000000000015', '10000000-0000-0000-0000-000000000004', 'Automation',            'AUT', 'Marketing automation y CRM'),
  -- Comunicación (DMM, DME, KAU)
  ('30000000-0000-0000-0000-000000000016', '10000000-0000-0000-0000-000000000001', 'Comunicación',          'COM', 'PR, contenido y comunicación'),
  ('30000000-0000-0000-0000-000000000017', '10000000-0000-0000-0000-000000000002', 'Comunicación',          'COM', 'PR, contenido y comunicación'),
  ('30000000-0000-0000-0000-000000000018', '10000000-0000-0000-0000-000000000004', 'Comunicación',          'COM', 'PR, contenido y comunicación'),
  -- Consultoría Accounts (DMM, DME, KAU, BBD)
  ('30000000-0000-0000-0000-000000000019', '10000000-0000-0000-0000-000000000001', 'Consultoría Accounts',  'CAM', 'Gestión de cuentas y consultoría'),
  ('30000000-0000-0000-0000-000000000020', '10000000-0000-0000-0000-000000000002', 'Consultoría Accounts',  'CAM', 'Gestión de cuentas y consultoría'),
  ('30000000-0000-0000-0000-000000000021', '10000000-0000-0000-0000-000000000004', 'Consultoría Accounts',  'CAM', 'Gestión de cuentas y consultoría'),
  ('30000000-0000-0000-0000-000000000022', '10000000-0000-0000-0000-000000000005', 'Consultoría Accounts',  'CAM', 'Gestión de cuentas y consultoría'),
  -- Diseño (DMM, DME, KAU, DRR)
  ('30000000-0000-0000-0000-000000000023', '10000000-0000-0000-0000-000000000001', 'Diseño',                'DIS', 'Diseño gráfico, web y UX/UI'),
  ('30000000-0000-0000-0000-000000000024', '10000000-0000-0000-0000-000000000002', 'Diseño',                'DIS', 'Diseño gráfico, web y UX/UI'),
  ('30000000-0000-0000-0000-000000000025', '10000000-0000-0000-0000-000000000004', 'Diseño',                'DIS', 'Diseño gráfico, web y UX/UI'),
  ('30000000-0000-0000-0000-000000000026', '10000000-0000-0000-0000-000000000006', 'Diseño',                'DIS', 'Diseño gráfico, web y UX/UI'),
  -- Desarrollo (DMM, DME)
  ('30000000-0000-0000-0000-000000000027', '10000000-0000-0000-0000-000000000001', 'Desarrollo',            'DEV', 'Desarrollo de software y web'),
  ('30000000-0000-0000-0000-000000000028', '10000000-0000-0000-0000-000000000002', 'Desarrollo',            'DEV', 'Desarrollo de software y web'),
  -- Programática (BBD, DME, DMM)
  ('30000000-0000-0000-0000-000000000029', '10000000-0000-0000-0000-000000000005', 'Programática',          'PRO', 'Compra programática de medios'),
  ('30000000-0000-0000-0000-000000000030', '10000000-0000-0000-0000-000000000002', 'Programática',          'PRO', 'Compra programática de medios'),
  ('30000000-0000-0000-0000-000000000031', '10000000-0000-0000-0000-000000000001', 'Programática',          'PRO', 'Compra programática de medios'),
  -- KAU exclusivos
  ('30000000-0000-0000-0000-000000000032', '10000000-0000-0000-0000-000000000004', 'Creativo',              'CRE', 'Dirección creativa y conceptualización'),
  ('30000000-0000-0000-0000-000000000033', '10000000-0000-0000-0000-000000000004', 'Producción Audiovisual','PAU', 'Producción de vídeo y audio'),
  ('30000000-0000-0000-0000-000000000034', '10000000-0000-0000-0000-000000000004', 'Mentoring',             'MEN', 'Mentoría y acompañamiento a clientes'),
  -- Consultoría IA (KAU, DME)
  ('30000000-0000-0000-0000-000000000035', '10000000-0000-0000-0000-000000000004', 'Consultoría IA',        'CIA', 'Consultoría de inteligencia artificial'),
  ('30000000-0000-0000-0000-000000000036', '10000000-0000-0000-0000-000000000002', 'Consultoría IA',        'CIA', 'Consultoría de inteligencia artificial'),
  -- Dirección (todas las empresas)
  ('30000000-0000-0000-0000-000000000037', '10000000-0000-0000-0000-000000000003', 'Dirección',             'DIR', 'Dirección y liderazgo'),
  ('30000000-0000-0000-0000-000000000038', '10000000-0000-0000-0000-000000000002', 'Dirección',             'DIR', 'Dirección y liderazgo'),
  ('30000000-0000-0000-0000-000000000039', '10000000-0000-0000-0000-000000000001', 'Dirección',             'DIR', 'Dirección y liderazgo'),
  ('30000000-0000-0000-0000-000000000040', '10000000-0000-0000-0000-000000000004', 'Dirección',             'DIR', 'Dirección y liderazgo'),
  ('30000000-0000-0000-0000-000000000041', '10000000-0000-0000-0000-000000000005', 'Dirección',             'DIR', 'Dirección y liderazgo'),
  ('30000000-0000-0000-0000-000000000042', '10000000-0000-0000-0000-000000000006', 'Dirección',             'DIR', 'Dirección y liderazgo'),
  ('30000000-0000-0000-0000-000000000043', '10000000-0000-0000-0000-000000000007', 'Dirección',             'DIR', 'Dirección y liderazgo'),
  -- BBD exclusivo
  ('30000000-0000-0000-0000-000000000044', '10000000-0000-0000-0000-000000000005', 'Trading',               'TRD', 'Trading de medios'),
  -- UXUI (DMM, DME, DRR)
  ('30000000-0000-0000-0000-000000000045', '10000000-0000-0000-0000-000000000001', 'UXUI',                  'UXI', 'Diseño de experiencia e interfaz'),
  ('30000000-0000-0000-0000-000000000046', '10000000-0000-0000-0000-000000000002', 'UXUI',                  'UXI', 'Diseño de experiencia e interfaz'),
  ('30000000-0000-0000-0000-000000000047', '10000000-0000-0000-0000-000000000006', 'UXUI',                  'UXI', 'Diseño de experiencia e interfaz'),
  -- AUR exclusivos
  ('30000000-0000-0000-0000-000000000048', '10000000-0000-0000-0000-000000000007', 'Selección Personal',    'SEP', 'Reclutamiento y selección'),
  ('30000000-0000-0000-0000-000000000049', '10000000-0000-0000-0000-000000000007', 'Formación',             'FOR', 'Formación y capacitación');

-- ============================================================
-- 4. servicios_y_depts (N:M)
-- ============================================================
INSERT INTO servicios_y_depts (id, servicio_id, departamento_id, created_at) VALUES
  ('31000000-0000-0000-0000-000000000001', '20000000-0000-0000-0000-000000000001', '30000000-0000-0000-0000-000000000003', '2026-03-25T10:00:00Z'),
  ('31000000-0000-0000-0000-000000000002', '20000000-0000-0000-0000-000000000002', '30000000-0000-0000-0000-000000000003', '2026-03-25T10:00:00Z'),
  ('31000000-0000-0000-0000-000000000003', '20000000-0000-0000-0000-000000000003', '30000000-0000-0000-0000-000000000001', '2026-03-25T10:00:00Z'),
  ('31000000-0000-0000-0000-000000000004', '20000000-0000-0000-0000-000000000004', '30000000-0000-0000-0000-000000000002', '2026-03-25T10:00:00Z'),
  ('31000000-0000-0000-0000-000000000005', '20000000-0000-0000-0000-000000000005', '30000000-0000-0000-0000-000000000005', '2026-03-25T10:00:00Z'),
  ('31000000-0000-0000-0000-000000000006', '20000000-0000-0000-0000-000000000006', '30000000-0000-0000-0000-000000000001', '2026-03-25T10:00:00Z');

-- ============================================================
-- 5. rangos_internos
-- Orden jerárquico (1=más alto): Socio > Director/Chief > Studio Head/Head/Dept Head
--   > Team Head/Lead > Senior > Miembro > Junior > Intern > Externo > Implant
-- Empresa IDs: DMM=...001, DME=...002, IMG=...003, KAU=...004, BBD=...005, DRR=...006, AUR=...007
-- UUID pattern: 40000000-0000-0000-0000-00000000X00Y (X=empresa, Y=orden)
-- ============================================================
INSERT INTO rangos_internos (id, empresa_grupo_id, nombre, codigo, orden, created_at, updated_at) VALUES
  -- DMM (Digital Menta Mexico)
  ('40000000-0000-0000-0000-000000001001', '10000000-0000-0000-0000-000000000001', 'Socio',       'SOCIO',  1, '2026-03-25T10:00:00Z', '2026-03-25T10:00:00Z'),
  ('40000000-0000-0000-0000-000000001002', '10000000-0000-0000-0000-000000000001', 'Director',    'DIR',    2, '2026-03-25T10:00:00Z', '2026-03-25T10:00:00Z'),
  ('40000000-0000-0000-0000-000000001003', '10000000-0000-0000-0000-000000000001', 'Studio Head', 'SHEAD',  3, '2026-03-25T10:00:00Z', '2026-03-25T10:00:00Z'),
  ('40000000-0000-0000-0000-000000001004', '10000000-0000-0000-0000-000000000001', 'Team Head',   'THEAD',  4, '2026-03-25T10:00:00Z', '2026-03-25T10:00:00Z'),
  ('40000000-0000-0000-0000-000000001005', '10000000-0000-0000-0000-000000000001', 'Miembro',     'MBR',    5, '2026-03-25T10:00:00Z', '2026-03-25T10:00:00Z'),
  ('40000000-0000-0000-0000-000000001006', '10000000-0000-0000-0000-000000000001', 'Junior',      'JR',     6, '2026-03-25T10:00:00Z', '2026-03-25T10:00:00Z'),
  ('40000000-0000-0000-0000-000000001007', '10000000-0000-0000-0000-000000000001', 'Intern',      'INT',    7, '2026-03-25T10:00:00Z', '2026-03-25T10:00:00Z'),
  ('40000000-0000-0000-0000-000000001008', '10000000-0000-0000-0000-000000000001', 'Externo',     'EXT',    8, '2026-03-25T10:00:00Z', '2026-03-25T10:00:00Z'),
  ('40000000-0000-0000-0000-000000001009', '10000000-0000-0000-0000-000000000001', 'Implant',     'IMP',    9, '2026-03-25T10:00:00Z', '2026-03-25T10:00:00Z'),
  -- DME (Digital Menta España)
  ('40000000-0000-0000-0000-000000002001', '10000000-0000-0000-0000-000000000002', 'Socio',       'SOCIO',  1, '2026-03-25T10:00:00Z', '2026-03-25T10:00:00Z'),
  ('40000000-0000-0000-0000-000000002002', '10000000-0000-0000-0000-000000000002', 'Director',    'DIR',    2, '2026-03-25T10:00:00Z', '2026-03-25T10:00:00Z'),
  ('40000000-0000-0000-0000-000000002003', '10000000-0000-0000-0000-000000000002', 'Studio Head', 'SHEAD',  3, '2026-03-25T10:00:00Z', '2026-03-25T10:00:00Z'),
  ('40000000-0000-0000-0000-000000002004', '10000000-0000-0000-0000-000000000002', 'Team Head',   'THEAD',  4, '2026-03-25T10:00:00Z', '2026-03-25T10:00:00Z'),
  ('40000000-0000-0000-0000-000000002005', '10000000-0000-0000-0000-000000000002', 'Miembro',     'MBR',    5, '2026-03-25T10:00:00Z', '2026-03-25T10:00:00Z'),
  ('40000000-0000-0000-0000-000000002006', '10000000-0000-0000-0000-000000000002', 'Junior',      'JR',     6, '2026-03-25T10:00:00Z', '2026-03-25T10:00:00Z'),
  ('40000000-0000-0000-0000-000000002007', '10000000-0000-0000-0000-000000000002', 'Intern',      'INT',    7, '2026-03-25T10:00:00Z', '2026-03-25T10:00:00Z'),
  ('40000000-0000-0000-0000-000000002008', '10000000-0000-0000-0000-000000000002', 'Externo',     'EXT',    8, '2026-03-25T10:00:00Z', '2026-03-25T10:00:00Z'),
  ('40000000-0000-0000-0000-000000002009', '10000000-0000-0000-0000-000000000002', 'Implant',     'IMP',    9, '2026-03-25T10:00:00Z', '2026-03-25T10:00:00Z'),
  -- IMG (Imagine Group)
  ('40000000-0000-0000-0000-000000003001', '10000000-0000-0000-0000-000000000003', 'Socio',       'SOCIO',  1, '2026-03-25T10:00:00Z', '2026-03-25T10:00:00Z'),
  ('40000000-0000-0000-0000-000000003002', '10000000-0000-0000-0000-000000000003', 'Director',    'DIR',    2, '2026-03-25T10:00:00Z', '2026-03-25T10:00:00Z'),
  ('40000000-0000-0000-0000-000000003003', '10000000-0000-0000-0000-000000000003', 'Dept Head',   'DHEAD',  3, '2026-03-25T10:00:00Z', '2026-03-25T10:00:00Z'),
  ('40000000-0000-0000-0000-000000003004', '10000000-0000-0000-0000-000000000003', 'Team Head',   'THEAD',  4, '2026-03-25T10:00:00Z', '2026-03-25T10:00:00Z'),
  ('40000000-0000-0000-0000-000000003005', '10000000-0000-0000-0000-000000000003', 'Miembro',     'MBR',    5, '2026-03-25T10:00:00Z', '2026-03-25T10:00:00Z'),
  ('40000000-0000-0000-0000-000000003006', '10000000-0000-0000-0000-000000000003', 'Junior',      'JR',     6, '2026-03-25T10:00:00Z', '2026-03-25T10:00:00Z'),
  ('40000000-0000-0000-0000-000000003007', '10000000-0000-0000-0000-000000000003', 'Intern',      'INT',    7, '2026-03-25T10:00:00Z', '2026-03-25T10:00:00Z'),
  ('40000000-0000-0000-0000-000000003008', '10000000-0000-0000-0000-000000000003', 'Externo',     'EXT',    8, '2026-03-25T10:00:00Z', '2026-03-25T10:00:00Z'),
  ('40000000-0000-0000-0000-000000003009', '10000000-0000-0000-0000-000000000003', 'Implant',     'IMP',    9, '2026-03-25T10:00:00Z', '2026-03-25T10:00:00Z'),
  -- KAU (Kauai Agency) — nombres propios: Chief / Head / Lead
  ('40000000-0000-0000-0000-000000004001', '10000000-0000-0000-0000-000000000004', 'Socio',       'SOCIO',  1, '2026-03-25T10:00:00Z', '2026-03-25T10:00:00Z'),
  ('40000000-0000-0000-0000-000000004002', '10000000-0000-0000-0000-000000000004', 'Chief',       'CHIEF',  2, '2026-03-25T10:00:00Z', '2026-03-25T10:00:00Z'),
  ('40000000-0000-0000-0000-000000004003', '10000000-0000-0000-0000-000000000004', 'Head',        'HEAD',   3, '2026-03-25T10:00:00Z', '2026-03-25T10:00:00Z'),
  ('40000000-0000-0000-0000-000000004004', '10000000-0000-0000-0000-000000000004', 'Lead',        'LEAD',   4, '2026-03-25T10:00:00Z', '2026-03-25T10:00:00Z'),
  ('40000000-0000-0000-0000-000000004005', '10000000-0000-0000-0000-000000000004', 'Miembro',     'MBR',    5, '2026-03-25T10:00:00Z', '2026-03-25T10:00:00Z'),
  ('40000000-0000-0000-0000-000000004006', '10000000-0000-0000-0000-000000000004', 'Junior',      'JR',     6, '2026-03-25T10:00:00Z', '2026-03-25T10:00:00Z'),
  ('40000000-0000-0000-0000-000000004007', '10000000-0000-0000-0000-000000000004', 'Intern',      'INT',    7, '2026-03-25T10:00:00Z', '2026-03-25T10:00:00Z'),
  ('40000000-0000-0000-0000-000000004008', '10000000-0000-0000-0000-000000000004', 'Externo',     'EXT',    8, '2026-03-25T10:00:00Z', '2026-03-25T10:00:00Z'),
  ('40000000-0000-0000-0000-000000004009', '10000000-0000-0000-0000-000000000004', 'Implant',     'IMP',    9, '2026-03-25T10:00:00Z', '2026-03-25T10:00:00Z'),
  -- BBD (BidBalance)
  ('40000000-0000-0000-0000-000000005001', '10000000-0000-0000-0000-000000000005', 'Socio',       'SOCIO',  1, '2026-03-25T10:00:00Z', '2026-03-25T10:00:00Z'),
  ('40000000-0000-0000-0000-000000005002', '10000000-0000-0000-0000-000000000005', 'Director',    'DIR',    2, '2026-03-25T10:00:00Z', '2026-03-25T10:00:00Z'),
  ('40000000-0000-0000-0000-000000005003', '10000000-0000-0000-0000-000000000005', 'Dept Head',   'DHEAD',  3, '2026-03-25T10:00:00Z', '2026-03-25T10:00:00Z'),
  ('40000000-0000-0000-0000-000000005004', '10000000-0000-0000-0000-000000000005', 'Team Head',   'THEAD',  4, '2026-03-25T10:00:00Z', '2026-03-25T10:00:00Z'),
  ('40000000-0000-0000-0000-000000005005', '10000000-0000-0000-0000-000000000005', 'Miembro',     'MBR',    5, '2026-03-25T10:00:00Z', '2026-03-25T10:00:00Z'),
  ('40000000-0000-0000-0000-000000005006', '10000000-0000-0000-0000-000000000005', 'Junior',      'JR',     6, '2026-03-25T10:00:00Z', '2026-03-25T10:00:00Z'),
  ('40000000-0000-0000-0000-000000005007', '10000000-0000-0000-0000-000000000005', 'Intern',      'INT',    7, '2026-03-25T10:00:00Z', '2026-03-25T10:00:00Z'),
  ('40000000-0000-0000-0000-000000005008', '10000000-0000-0000-0000-000000000005', 'Externo',     'EXT',    8, '2026-03-25T10:00:00Z', '2026-03-25T10:00:00Z'),
  ('40000000-0000-0000-0000-000000005009', '10000000-0000-0000-0000-000000000005', 'Implant',     'IMP',    9, '2026-03-25T10:00:00Z', '2026-03-25T10:00:00Z'),
  -- DRR (Dr Roberts)
  ('40000000-0000-0000-0000-000000006001', '10000000-0000-0000-0000-000000000006', 'Socio',       'SOCIO',  1, '2026-03-25T10:00:00Z', '2026-03-25T10:00:00Z'),
  ('40000000-0000-0000-0000-000000006002', '10000000-0000-0000-0000-000000000006', 'Director',    'DIR',    2, '2026-03-25T10:00:00Z', '2026-03-25T10:00:00Z'),
  ('40000000-0000-0000-0000-000000006003', '10000000-0000-0000-0000-000000000006', 'Dept Head',   'DHEAD',  3, '2026-03-25T10:00:00Z', '2026-03-25T10:00:00Z'),
  ('40000000-0000-0000-0000-000000006004', '10000000-0000-0000-0000-000000000006', 'Team Head',   'THEAD',  4, '2026-03-25T10:00:00Z', '2026-03-25T10:00:00Z'),
  ('40000000-0000-0000-0000-000000006005', '10000000-0000-0000-0000-000000000006', 'Miembro',     'MBR',    5, '2026-03-25T10:00:00Z', '2026-03-25T10:00:00Z'),
  ('40000000-0000-0000-0000-000000006006', '10000000-0000-0000-0000-000000000006', 'Junior',      'JR',     6, '2026-03-25T10:00:00Z', '2026-03-25T10:00:00Z'),
  ('40000000-0000-0000-0000-000000006007', '10000000-0000-0000-0000-000000000006', 'Intern',      'INT',    7, '2026-03-25T10:00:00Z', '2026-03-25T10:00:00Z'),
  ('40000000-0000-0000-0000-000000006008', '10000000-0000-0000-0000-000000000006', 'Externo',     'EXT',    8, '2026-03-25T10:00:00Z', '2026-03-25T10:00:00Z'),
  ('40000000-0000-0000-0000-000000006009', '10000000-0000-0000-0000-000000000006', 'Implant',     'IMP',    9, '2026-03-25T10:00:00Z', '2026-03-25T10:00:00Z'),
  -- AUR (Aurea People)
  ('40000000-0000-0000-0000-000000007001', '10000000-0000-0000-0000-000000000007', 'Socio',       'SOCIO',  1, '2026-03-25T10:00:00Z', '2026-03-25T10:00:00Z'),
  ('40000000-0000-0000-0000-000000007002', '10000000-0000-0000-0000-000000000007', 'Director',    'DIR',    2, '2026-03-25T10:00:00Z', '2026-03-25T10:00:00Z'),
  ('40000000-0000-0000-0000-000000007003', '10000000-0000-0000-0000-000000000007', 'Dept Head',   'DHEAD',  3, '2026-03-25T10:00:00Z', '2026-03-25T10:00:00Z'),
  ('40000000-0000-0000-0000-000000007004', '10000000-0000-0000-0000-000000000007', 'Team Head',   'THEAD',  4, '2026-03-25T10:00:00Z', '2026-03-25T10:00:00Z'),
  ('40000000-0000-0000-0000-000000007005', '10000000-0000-0000-0000-000000000007', 'Miembro',     'MBR',    5, '2026-03-25T10:00:00Z', '2026-03-25T10:00:00Z'),
  ('40000000-0000-0000-0000-000000007006', '10000000-0000-0000-0000-000000000007', 'Junior',      'JR',     6, '2026-03-25T10:00:00Z', '2026-03-25T10:00:00Z'),
  ('40000000-0000-0000-0000-000000007007', '10000000-0000-0000-0000-000000000007', 'Intern',      'INT',    7, '2026-03-25T10:00:00Z', '2026-03-25T10:00:00Z'),
  ('40000000-0000-0000-0000-000000007008', '10000000-0000-0000-0000-000000000007', 'Externo',     'EXT',    8, '2026-03-25T10:00:00Z', '2026-03-25T10:00:00Z'),
  ('40000000-0000-0000-0000-000000007009', '10000000-0000-0000-0000-000000000007', 'Implant',     'IMP',    9, '2026-03-25T10:00:00Z', '2026-03-25T10:00:00Z');

-- ============================================================
-- 6. puestos
-- ============================================================
INSERT INTO puestos (id, empresa_grupo_id, nombre, codigo, descripcion, created_at, updated_at) VALUES
  ('50000000-0000-0000-0000-000000000001', '10000000-0000-0000-0000-000000000001', 'Diseñador UX/UI', 'DIS-UX', 'Diseño de interfaces y experiencia de usuario', '2026-03-25T10:00:00Z', '2026-03-25T10:00:00Z'),
  ('50000000-0000-0000-0000-000000000002', '10000000-0000-0000-0000-000000000001', 'Consultor SEO', 'CONS-SEO', 'Consultoría y ejecución de estrategia SEO', '2026-03-25T10:00:00Z', '2026-03-25T10:00:00Z'),
  ('50000000-0000-0000-0000-000000000003', '10000000-0000-0000-0000-000000000002', 'Desarrollador Frontend', 'DEV-FRONT', 'Desarrollo de interfaces web con React/Next.js', '2026-03-25T10:00:00Z', '2026-03-25T10:00:00Z'),
  ('50000000-0000-0000-0000-000000000004', '10000000-0000-0000-0000-000000000002', 'Desarrollador Backend', 'DEV-BACK', 'Desarrollo de APIs y servicios backend', '2026-03-25T10:00:00Z', '2026-03-25T10:00:00Z'),
  ('50000000-0000-0000-0000-000000000005', '10000000-0000-0000-0000-000000000001', 'Account Manager', 'AM', 'Gestión de cuentas y relación con clientes', '2026-03-25T10:00:00Z', '2026-03-25T10:00:00Z'),
  ('50000000-0000-0000-0000-000000000006', '10000000-0000-0000-0000-000000000003', 'Director Estrategia', 'DIR-EST', 'Dirección y planificación estratégica del grupo', '2026-03-25T10:00:00Z', '2026-03-25T10:00:00Z'),
  ('50000000-0000-0000-0000-000000000007', '10000000-0000-0000-0000-000000000001', 'Especialista SEM', 'ESP-SEM', 'Gestión de campañas de pago en buscadores', '2026-03-25T10:00:00Z', '2026-03-25T10:00:00Z'),
  ('50000000-0000-0000-0000-000000000008', '10000000-0000-0000-0000-000000000001', 'Content Manager', 'CONT-MGR', 'Creación y gestión de contenido digital', '2026-03-25T10:00:00Z', '2026-03-25T10:00:00Z');

-- ============================================================
-- 7. divisiones (globales — mismas para todas las empresas del grupo)
-- Nota: empresa_grupo_id fue eliminado en migración 010
-- ============================================================
INSERT INTO divisiones (id, nombre, descripcion) VALUES
  ('60000000-0000-0000-0000-000000000001', 'BDEV', 'Business Development'),
  ('60000000-0000-0000-0000-000000000002', 'TALE', 'Talento y personas'),
  ('60000000-0000-0000-0000-000000000003', 'CONS', 'Consultoría'),
  ('60000000-0000-0000-0000-000000000004', 'OPER', 'Operaciones'),
  ('60000000-0000-0000-0000-000000000005', 'ADMI', 'Administración'),
  ('60000000-0000-0000-0000-000000000006', 'DIRE', 'Dirección');

-- ============================================================
-- 8. roles (globales — mismos para todas las empresas del grupo)
-- Nota: empresa_grupo_id fue eliminado en migración 010
-- Se usan también para control de acceso en la aplicación
-- ============================================================
INSERT INTO roles (id, nombre, descripcion) VALUES
  ('70000000-0000-0000-0000-000000000001', 'Fundador',       'Socio fundador del grupo'),
  ('70000000-0000-0000-0000-000000000002', 'Administrador',  'Administración y finanzas'),
  ('70000000-0000-0000-0000-000000000003', 'Socio',          'Socio del grupo o empresa'),
  ('70000000-0000-0000-0000-000000000004', 'Director',       'Director de área o departamento'),
  ('70000000-0000-0000-0000-000000000005', 'Coordinador',    'Coordinador de equipo'),
  ('70000000-0000-0000-0000-000000000006', 'Responsable',    'Responsable de departamento o cuenta'),
  ('70000000-0000-0000-0000-000000000007', 'Miembro',        'Miembro del equipo'),
  ('70000000-0000-0000-0000-000000000008', 'Intern',         'Becario o persona en prácticas'),
  ('70000000-0000-0000-0000-000000000009', 'Externo',        'Colaborador externo o freelance'),
  ('70000000-0000-0000-0000-000000000010', 'Implant',        'Persona implantada en cliente');

-- ============================================================
-- 9. ciudades (con país — migración 022)
-- ============================================================
INSERT INTO ciudades (id, nombre, pais, created_at, updated_at) VALUES
  ('80000000-0000-0000-0000-000000000001', 'Valencia',     'España',  '2026-03-25T10:00:00Z', '2026-03-25T10:00:00Z'),
  ('80000000-0000-0000-0000-000000000002', 'Madrid',       'España',  '2026-03-25T10:00:00Z', '2026-03-25T10:00:00Z'),
  ('80000000-0000-0000-0000-000000000003', 'Barcelona',    'España',  '2026-03-25T10:00:00Z', '2026-03-25T10:00:00Z'),
  ('80000000-0000-0000-0000-000000000004', 'Guadalajara',  'México',  '2026-03-25T10:00:00Z', '2026-03-25T10:00:00Z'),
  ('80000000-0000-0000-0000-000000000005', 'Málaga',       'España',  '2026-03-25T10:00:00Z', '2026-03-25T10:00:00Z'),
  ('80000000-0000-0000-0000-000000000006', 'Puebla',       'México',  '2026-03-25T10:00:00Z', '2026-03-25T10:00:00Z'),
  ('80000000-0000-0000-0000-000000000007', 'CDMX',         'México',  '2026-03-25T10:00:00Z', '2026-03-25T10:00:00Z');

-- ============================================================
-- 10. oficinas
-- ============================================================
INSERT INTO oficinas (id, nombre, created_at, updated_at) VALUES
  ('81000000-0000-0000-0000-000000000001', 'Sant Valero',   '2026-03-25T10:00:00Z', '2026-03-25T10:00:00Z'),
  ('81000000-0000-0000-0000-000000000002', 'Av America',    '2026-03-25T10:00:00Z', '2026-03-25T10:00:00Z'),
  ('81000000-0000-0000-0000-000000000003', 'Ramon Turro',   '2026-03-25T10:00:00Z', '2026-03-25T10:00:00Z'),
  ('81000000-0000-0000-0000-000000000004', 'Mendez Alvaro', '2026-03-25T10:00:00Z', '2026-03-25T10:00:00Z'),
  ('81000000-0000-0000-0000-000000000005', 'Cliente',       '2026-03-25T10:00:00Z', '2026-03-25T10:00:00Z'),
  ('81000000-0000-0000-0000-000000000006', 'Teletrabajo',   '2026-03-25T10:00:00Z', '2026-03-25T10:00:00Z');

-- ============================================================
-- 11. personas
-- (sin departamento_id directo — ver sección 11b personas_departamentos)
-- ============================================================
INSERT INTO personas (id, persona, dni, nombre, apellido_primero, apellido_segundo, empresa_grupo_id, ciudad_id, oficina_id, rango_id, puesto_id, division_id, rol_id, fecha_incorporacion, fecha_baja, activo, created_at, updated_at) VALUES
  ('90000000-0000-0000-0000-000000000001', 'Marta G.', '12345678A', 'Marta', 'García', 'López', '10000000-0000-0000-0000-000000000001', '80000000-0000-0000-0000-000000000001', '81000000-0000-0000-0000-000000000001', '40000000-0000-0000-0000-000000000003', '50000000-0000-0000-0000-000000000002', '60000000-0000-0000-0000-000000000001', '70000000-0000-0000-0000-000000000003', '2022-03-15', NULL, TRUE, '2026-03-25T10:00:00Z', '2026-03-25T10:00:00Z'),
  ('90000000-0000-0000-0000-000000000002', 'Carlos R.', '23456789B', 'Carlos', 'Ruiz', 'Martín', '10000000-0000-0000-0000-000000000002', '80000000-0000-0000-0000-000000000002', '81000000-0000-0000-0000-000000000003', '40000000-0000-0000-0000-000000000006', '50000000-0000-0000-0000-000000000003', '60000000-0000-0000-0000-000000000003', '70000000-0000-0000-0000-000000000005', '2021-09-01', NULL, TRUE, '2026-03-25T10:00:00Z', '2026-03-25T10:00:00Z'),
  ('90000000-0000-0000-0000-000000000003', 'Ana P.', '34567890C', 'Ana', 'Pérez', 'Sánchez', '10000000-0000-0000-0000-000000000001', '80000000-0000-0000-0000-000000000003', '81000000-0000-0000-0000-000000000002', '40000000-0000-0000-0000-000000000002', '50000000-0000-0000-0000-000000000001', '60000000-0000-0000-0000-000000000001', '70000000-0000-0000-0000-000000000004', '2023-01-10', NULL, TRUE, '2026-03-25T10:00:00Z', '2026-03-25T10:00:00Z'),
  ('90000000-0000-0000-0000-000000000004', 'Javier M.', '45678901D', 'Javier', 'Moreno', 'Díaz', '10000000-0000-0000-0000-000000000003', '80000000-0000-0000-0000-000000000002', '81000000-0000-0000-0000-000000000003', '40000000-0000-0000-0000-000000000004', '50000000-0000-0000-0000-000000000006', '60000000-0000-0000-0000-000000000005', '70000000-0000-0000-0000-000000000001', '2019-06-01', NULL, TRUE, '2026-03-25T10:00:00Z', '2026-03-25T10:00:00Z'),
  ('90000000-0000-0000-0000-000000000005', 'Lucía F.', '56789012E', 'Lucía', 'Fernández', NULL, '10000000-0000-0000-0000-000000000001', '80000000-0000-0000-0000-000000000001', '81000000-0000-0000-0000-000000000001', '40000000-0000-0000-0000-000000000001', '50000000-0000-0000-0000-000000000008', '60000000-0000-0000-0000-000000000002', '70000000-0000-0000-0000-000000000004', '2025-02-01', NULL, TRUE, '2026-03-25T10:00:00Z', '2026-03-25T10:00:00Z'),
  ('90000000-0000-0000-0000-000000000006', 'Pablo S.', '67890123F', 'Pablo', 'Serrano', 'Vega', '10000000-0000-0000-0000-000000000001', '80000000-0000-0000-0000-000000000002', '81000000-0000-0000-0000-000000000003', '40000000-0000-0000-0000-000000000002', '50000000-0000-0000-0000-000000000007', '60000000-0000-0000-0000-000000000001', '70000000-0000-0000-0000-000000000004', '2023-07-15', NULL, TRUE, '2026-03-25T10:00:00Z', '2026-03-25T10:00:00Z'),
  ('90000000-0000-0000-0000-000000000007', 'Elena T.', '78901234G', 'Elena', 'Torres', 'Ramos', '10000000-0000-0000-0000-000000000002', '80000000-0000-0000-0000-000000000003', NULL, '40000000-0000-0000-0000-000000000005', '50000000-0000-0000-0000-000000000004', '60000000-0000-0000-0000-000000000003', '70000000-0000-0000-0000-000000000006', '2024-11-01', NULL, TRUE, '2026-03-25T10:00:00Z', '2026-03-25T10:00:00Z'),
  ('90000000-0000-0000-0000-000000000008', 'Diego L.', '89012345H', 'Diego', 'López', 'Navarro', '10000000-0000-0000-0000-000000000001', '80000000-0000-0000-0000-000000000001', '81000000-0000-0000-0000-000000000001', '40000000-0000-0000-0000-000000000004', '50000000-0000-0000-0000-000000000005', '60000000-0000-0000-0000-000000000001', '70000000-0000-0000-0000-000000000002', '2020-01-15', NULL, TRUE, '2026-03-25T10:00:00Z', '2026-03-25T10:00:00Z'),
  ('90000000-0000-0000-0000-000000000009', 'Sara V.', '90123456I', 'Sara', 'Vidal', 'Gómez', '10000000-0000-0000-0000-000000000001', '80000000-0000-0000-0000-000000000001', '81000000-0000-0000-0000-000000000001', '40000000-0000-0000-0000-000000000003', '50000000-0000-0000-0000-000000000001', '60000000-0000-0000-0000-000000000001', '70000000-0000-0000-0000-000000000004', '2022-09-01', '2025-12-31', FALSE, '2026-03-25T10:00:00Z', '2026-03-25T10:00:00Z');

-- ============================================================
-- 11b. personas_departamentos (N:M — cada persona al 100% en su depto)
-- ============================================================
INSERT INTO personas_departamentos (id, persona_id, departamento_id, porcentaje_tiempo, created_at) VALUES
  ('91000000-0000-0000-0000-000000000001', '90000000-0000-0000-0000-000000000001', '30000000-0000-0000-0000-000000000003', 100, '2026-03-25T10:00:00Z'), -- Marta G. → Marketing Digital
  ('91000000-0000-0000-0000-000000000002', '90000000-0000-0000-0000-000000000002', '30000000-0000-0000-0000-000000000002', 100, '2026-03-25T10:00:00Z'), -- Carlos R. → Desarrollo
  ('91000000-0000-0000-0000-000000000003', '90000000-0000-0000-0000-000000000003', '30000000-0000-0000-0000-000000000001', 100, '2026-03-25T10:00:00Z'), -- Ana P. → Diseño
  ('91000000-0000-0000-0000-000000000004', '90000000-0000-0000-0000-000000000004', '30000000-0000-0000-0000-000000000004', 100, '2026-03-25T10:00:00Z'), -- Javier M. → Estrategia
  ('91000000-0000-0000-0000-000000000005', '90000000-0000-0000-0000-000000000005', '30000000-0000-0000-0000-000000000005', 100, '2026-03-25T10:00:00Z'), -- Lucía F. → Contenido
  ('91000000-0000-0000-0000-000000000006', '90000000-0000-0000-0000-000000000006', '30000000-0000-0000-0000-000000000003', 100, '2026-03-25T10:00:00Z'), -- Pablo S. → Marketing Digital
  ('91000000-0000-0000-0000-000000000007', '90000000-0000-0000-0000-000000000007', '30000000-0000-0000-0000-000000000002', 100, '2026-03-25T10:00:00Z'), -- Elena T. → Desarrollo
  ('91000000-0000-0000-0000-000000000008', '90000000-0000-0000-0000-000000000008', '30000000-0000-0000-0000-000000000003', 100, '2026-03-25T10:00:00Z'), -- Diego L. → Marketing Digital
  ('91000000-0000-0000-0000-000000000009', '90000000-0000-0000-0000-000000000009', '30000000-0000-0000-0000-000000000001', 100, '2026-03-25T10:00:00Z'); -- Sara V. → Diseño

-- ============================================================
-- 12. empresas (clientes)
-- ============================================================
INSERT INTO empresas (id, nombre_legal, cif, nombre_interno, estado, tipo, tipo_conocido, tipo_cliente, estado_prospecto, fecha_primer_contrato, direccion, sector, web, notas, created_at, updated_at) VALUES
  ('a0000000-0000-0000-0000-000000000001', 'Zara Home SL', 'B99887766', 'Zara Home', 'Cliente', 'Marca', NULL, 'Servicio', NULL, '2024-06-01', 'Av. Diagonal 401, Barcelona', 'Retail / Hogar', 'https://zarahome.com', NULL, '2026-03-25T10:00:00Z', '2026-03-25T10:00:00Z'),
  ('a0000000-0000-0000-0000-000000000002', 'Telefónica Digital SL', 'A28015865', 'Telefónica', 'Cliente', 'Tecnología', NULL, 'Consultoria', NULL, '2023-01-15', 'Ronda de la Comunicación, Madrid', 'Telecomunicaciones', 'https://telefonica.com', 'Cuenta estratégica', '2026-03-25T10:00:00Z', '2026-03-25T10:00:00Z'),
  ('a0000000-0000-0000-0000-000000000003', 'Iberdrola Renovables SA', 'A48010615', 'Iberdrola', 'Prospecto', 'Fabricante', NULL, NULL, 'Propuesta', NULL, 'Plaza Euskadi 5, Bilbao', 'Energía', 'https://iberdrola.com', 'Contacto vía evento MWC', '2026-03-25T10:00:00Z', '2026-03-25T10:00:00Z'),
  ('a0000000-0000-0000-0000-000000000004', 'Mango Fashion Group SL', 'B08504731', 'Mango', 'Cliente', 'Marca', NULL, 'Solucion', NULL, '2025-03-01', 'Passeig de Gràcia 65, Barcelona', 'Moda', 'https://mango.com', NULL, '2026-03-25T10:00:00Z', '2026-03-25T10:00:00Z'),
  ('a0000000-0000-0000-0000-000000000005', 'Cepsa Comercial Petróleo SA', 'A28003119', 'Cepsa', 'Conocido', 'Fabricante', 'Eventos externos', NULL, NULL, NULL, 'Paseo de la Castellana 259A, Madrid', 'Energía', 'https://cepsa.com', 'Contacto inicial en feria sectorial', '2026-03-25T10:00:00Z', '2026-03-25T10:00:00Z'),
  ('a0000000-0000-0000-0000-000000000006', 'Globalvia Inversiones SA', 'A84aborti', 'Globalvia', 'Baja', 'Fondo', NULL, NULL, NULL, '2022-01-01', 'C/ Príncipe de Vergara 132, Madrid', 'Infraestructuras', 'https://globalvia.com', 'Contrato finalizado dic 2025', '2026-03-25T10:00:00Z', '2026-03-25T10:00:00Z');

-- ============================================================
-- 13. proyectos
-- ============================================================
INSERT INTO proyectos (id, empresa_id, empresa_grupo_id, servicio_principal_id, departamento_id, titulo, descripcion, tipo_proyecto, tipo_partida, estado, aprobador_final_id, ppto_estimado, explicacion_presupuestos, fecha_activacion, fecha_cierre, notas, created_at, updated_at) VALUES
  ('b0000000-0000-0000-0000-000000000001', 'a0000000-0000-0000-0000-000000000001', '10000000-0000-0000-0000-000000000001', '20000000-0000-0000-0000-000000000001', '30000000-0000-0000-0000-000000000003', 'SEO Anual 2026', 'Estrategia SEO completa para Zara Home', 'Facturable', 'Recurrente', 'Activo', '90000000-0000-0000-0000-000000000008', 8000, NULL, '2026-01-01', NULL, NULL, '2026-03-25T10:00:00Z', '2026-03-25T10:00:00Z'),
  ('b0000000-0000-0000-0000-000000000002', 'a0000000-0000-0000-0000-000000000002', '10000000-0000-0000-0000-000000000001', '20000000-0000-0000-0000-000000000002', '30000000-0000-0000-0000-000000000003', 'Campañas SEM Q1', 'Gestión de campañas de pago para Telefónica', 'Facturable', 'Puntual', 'Activo', '90000000-0000-0000-0000-000000000008', 12000, 'Incluye fee + inversión', '2026-01-15', NULL, NULL, '2026-03-25T10:00:00Z', '2026-03-25T10:00:00Z'),
  ('b0000000-0000-0000-0000-000000000003', 'a0000000-0000-0000-0000-000000000004', '10000000-0000-0000-0000-000000000002', '20000000-0000-0000-0000-000000000004', '30000000-0000-0000-0000-000000000002', 'Rediseño Web Mango', 'Rediseño completo del ecommerce de Mango', 'Facturable', 'Puntual', 'Propuesta', '90000000-0000-0000-0000-000000000004', 25000, 'Estimación por fases', NULL, NULL, 'Pendiente aprobación del cliente', '2026-03-25T10:00:00Z', '2026-03-25T10:00:00Z'),
  ('b0000000-0000-0000-0000-000000000004', NULL, '10000000-0000-0000-0000-000000000003', '20000000-0000-0000-0000-000000000007', '30000000-0000-0000-0000-000000000004', 'Mejora procesos internos', 'Proyecto interno de optimización de workflows', 'Interno', 'Puntual', 'Activo', '90000000-0000-0000-0000-000000000004', 0, NULL, '2026-02-01', NULL, NULL, '2026-03-25T10:00:00Z', '2026-03-25T10:00:00Z'),
  ('b0000000-0000-0000-0000-000000000005', 'a0000000-0000-0000-0000-000000000002', '10000000-0000-0000-0000-000000000001', '20000000-0000-0000-0000-000000000003', '30000000-0000-0000-0000-000000000001', 'UX App Movistar', 'Rediseño UX de la app Movistar', 'Facturable', 'Recurrente', 'Pausado', '90000000-0000-0000-0000-000000000008', 6000, NULL, '2025-06-01', NULL, 'Pausado por reestructuración del cliente', '2026-03-25T10:00:00Z', '2026-03-25T10:00:00Z');

-- ============================================================
-- 14. ordenes_trabajo
-- ============================================================
INSERT INTO ordenes_trabajo (id, proyecto_id, servicio_id, mes_anio, porcentaje_ppto_mes, partida_prevista, partida_real, aprobador_id, estado, fecha_inicio, fecha_fin, notas, deleted_at, created_at, updated_at) VALUES
  ('c0000000-0000-0000-0000-000000000001', 'b0000000-0000-0000-0000-000000000001', '20000000-0000-0000-0000-000000000001', '2026-01-01', 100, 8000, 8000, '90000000-0000-0000-0000-000000000008', 'Facturado', '2026-01-01', '2026-01-31', NULL, NULL, '2026-03-25T10:00:00Z', '2026-03-25T10:00:00Z'),
  ('c0000000-0000-0000-0000-000000000002', 'b0000000-0000-0000-0000-000000000001', '20000000-0000-0000-0000-000000000001', '2026-02-01', 100, 8000, 7500, '90000000-0000-0000-0000-000000000008', 'Confirmado', '2026-02-01', '2026-02-28', NULL, NULL, '2026-03-25T10:00:00Z', '2026-03-25T10:00:00Z'),
  ('c0000000-0000-0000-0000-000000000003', 'b0000000-0000-0000-0000-000000000002', '20000000-0000-0000-0000-000000000002', '2026-01-01', 100, 12000, 11800, '90000000-0000-0000-0000-000000000008', 'Facturado', '2026-01-15', '2026-01-31', 'Medio mes', NULL, '2026-03-25T10:00:00Z', '2026-03-25T10:00:00Z'),
  ('c0000000-0000-0000-0000-000000000004', 'b0000000-0000-0000-0000-000000000002', '20000000-0000-0000-0000-000000000002', '2026-02-01', 80, 9600, NULL, '90000000-0000-0000-0000-000000000008', 'Planificado', '2026-02-01', '2026-02-28', NULL, NULL, '2026-03-25T10:00:00Z', '2026-03-25T10:00:00Z');

-- ============================================================
-- 15. ordenes_trabajo_personas (personas preseleccionadas)
-- ============================================================
INSERT INTO ordenes_trabajo_personas (id, orden_trabajo_id, persona_id, created_at) VALUES
  ('c1000000-0000-0000-0000-000000000001', 'c0000000-0000-0000-0000-000000000001', '90000000-0000-0000-0000-000000000001', '2026-03-25T10:00:00Z'),
  ('c1000000-0000-0000-0000-000000000002', 'c0000000-0000-0000-0000-000000000001', '90000000-0000-0000-0000-000000000005', '2026-03-25T10:00:00Z'),
  ('c1000000-0000-0000-0000-000000000003', 'c0000000-0000-0000-0000-000000000002', '90000000-0000-0000-0000-000000000001', '2026-03-25T10:00:00Z'),
  ('c1000000-0000-0000-0000-000000000004', 'c0000000-0000-0000-0000-000000000002', '90000000-0000-0000-0000-000000000006', '2026-03-25T10:00:00Z'),
  ('c1000000-0000-0000-0000-000000000005', 'c0000000-0000-0000-0000-000000000003', '90000000-0000-0000-0000-000000000006', '2026-03-25T10:00:00Z'),
  ('c1000000-0000-0000-0000-000000000006', 'c0000000-0000-0000-0000-000000000003', '90000000-0000-0000-0000-000000000008', '2026-03-25T10:00:00Z'),
  ('c1000000-0000-0000-0000-000000000007', 'c0000000-0000-0000-0000-000000000004', '90000000-0000-0000-0000-000000000006', '2026-03-25T10:00:00Z'),
  ('c1000000-0000-0000-0000-000000000008', 'c0000000-0000-0000-0000-000000000004', '90000000-0000-0000-0000-000000000001', '2026-03-25T10:00:00Z');

-- ============================================================
-- 16. cuotas_planificacion (antes cuotas_por_rango)
-- ============================================================
INSERT INTO cuotas_planificacion (id, empresa_grupo_id, nombre, precio_hora, inicio_validez, fin_validez, nota, created_at, updated_at) VALUES
  -- DME — periodo vigente (2026)
  ('d0000000-0000-0000-0000-000000000001', '10000000-0000-0000-0000-000000000002', 'Intern',      27.5,  '2026-01-01', NULL, NULL, '2026-03-25T10:00:00Z', '2026-03-25T10:00:00Z'),
  ('d0000000-0000-0000-0000-000000000002', '10000000-0000-0000-0000-000000000002', 'Junior',      42.9,  '2026-01-01', NULL, NULL, '2026-03-25T10:00:00Z', '2026-03-25T10:00:00Z'),
  ('d0000000-0000-0000-0000-000000000003', '10000000-0000-0000-0000-000000000002', 'Specialist',  52.8,  '2026-01-01', NULL, NULL, '2026-03-25T10:00:00Z', '2026-03-25T10:00:00Z'),
  ('d0000000-0000-0000-0000-000000000004', '10000000-0000-0000-0000-000000000002', 'Senior',      71.5,  '2026-01-01', NULL, NULL, '2026-03-25T10:00:00Z', '2026-03-25T10:00:00Z'),
  ('d0000000-0000-0000-0000-000000000005', '10000000-0000-0000-0000-000000000002', 'Coordinador', 82.5,  '2026-01-01', NULL, NULL, '2026-03-25T10:00:00Z', '2026-03-25T10:00:00Z'),
  -- DME — periodo anterior (abr 2025 – dic 2025)
  ('d0000000-0000-0000-0000-000000000006', '10000000-0000-0000-0000-000000000002', 'Intern',      25,    '2025-04-01', '2025-12-31', 'Tarifa anterior', '2026-03-25T10:00:00Z', '2026-03-25T10:00:00Z'),
  ('d0000000-0000-0000-0000-000000000007', '10000000-0000-0000-0000-000000000002', 'Junior',      39,    '2025-04-01', '2025-12-31', 'Tarifa anterior', '2026-03-25T10:00:00Z', '2026-03-25T10:00:00Z'),
  ('d0000000-0000-0000-0000-000000000008', '10000000-0000-0000-0000-000000000002', 'Specialist',  48,    '2025-04-01', '2025-12-31', 'Tarifa anterior', '2026-03-25T10:00:00Z', '2026-03-25T10:00:00Z'),
  ('d0000000-0000-0000-0000-000000000009', '10000000-0000-0000-0000-000000000002', 'Senior',      65,    '2025-04-01', '2025-12-31', 'Tarifa anterior', '2026-03-25T10:00:00Z', '2026-03-25T10:00:00Z'),
  ('d0000000-0000-0000-0000-000000000010', '10000000-0000-0000-0000-000000000002', 'Coordinador', 75,    '2025-04-01', '2025-12-31', 'Tarifa anterior', '2026-03-25T10:00:00Z', '2026-03-25T10:00:00Z');

-- ============================================================
-- 17. asignaciones
-- ============================================================
INSERT INTO asignaciones (id, orden_trabajo_id, persona_id, porcentaje_ppto_tm, cuota_planificacion_id, deleted_at, created_at, updated_at) VALUES
  ('e0000000-0000-0000-0000-000000000001', 'c0000000-0000-0000-0000-000000000001', '90000000-0000-0000-0000-000000000001', 60, 'd0000000-0000-0000-0000-000000000003', NULL, '2026-03-25T10:00:00Z', '2026-03-25T10:00:00Z'),
  ('e0000000-0000-0000-0000-000000000002', 'c0000000-0000-0000-0000-000000000001', '90000000-0000-0000-0000-000000000005', 40, 'd0000000-0000-0000-0000-000000000001', NULL, '2026-03-25T10:00:00Z', '2026-03-25T10:00:00Z'),
  ('e0000000-0000-0000-0000-000000000003', 'c0000000-0000-0000-0000-000000000002', '90000000-0000-0000-0000-000000000001', 70, 'd0000000-0000-0000-0000-000000000003', NULL, '2026-03-25T10:00:00Z', '2026-03-25T10:00:00Z'),
  ('e0000000-0000-0000-0000-000000000004', 'c0000000-0000-0000-0000-000000000003', '90000000-0000-0000-0000-000000000006', 50, 'd0000000-0000-0000-0000-000000000002', NULL, '2026-03-25T10:00:00Z', '2026-03-25T10:00:00Z'),
  ('e0000000-0000-0000-0000-000000000005', 'c0000000-0000-0000-0000-000000000003', '90000000-0000-0000-0000-000000000008', 50, 'd0000000-0000-0000-0000-000000000004', NULL, '2026-03-25T10:00:00Z', '2026-03-25T10:00:00Z'),
  ('e0000000-0000-0000-0000-000000000006', 'c0000000-0000-0000-0000-000000000004', '90000000-0000-0000-0000-000000000006', 100, 'd0000000-0000-0000-0000-000000000002', NULL, '2026-03-25T10:00:00Z', '2026-03-25T10:00:00Z');

-- ============================================================
-- 18. horas_trabajables
-- ============================================================
INSERT INTO horas_trabajables (id, empresa_grupo_id, mes_trabajo, horas, departamento_id, persona_id, comentarios, created_at, updated_at) VALUES
  ('f0000000-0000-0000-0000-000000000001', '10000000-0000-0000-0000-000000000001', '2026-01-01', 168, NULL, NULL, 'Enero 2026 — general', '2026-03-25T10:00:00Z', '2026-03-25T10:00:00Z'),
  ('f0000000-0000-0000-0000-000000000002', '10000000-0000-0000-0000-000000000001', '2026-02-01', 160, NULL, NULL, 'Febrero 2026 — general', '2026-03-25T10:00:00Z', '2026-03-25T10:00:00Z'),
  ('f0000000-0000-0000-0000-000000000003', '10000000-0000-0000-0000-000000000001', '2026-03-01', 176, NULL, NULL, 'Marzo 2026 — general', '2026-03-25T10:00:00Z', '2026-03-25T10:00:00Z'),
  ('f0000000-0000-0000-0000-000000000004', '10000000-0000-0000-0000-000000000002', '2026-01-01', 168, NULL, NULL, 'Enero 2026 — general DME', '2026-03-25T10:00:00Z', '2026-03-25T10:00:00Z'),
  ('f0000000-0000-0000-0000-000000000005', '10000000-0000-0000-0000-000000000002', '2026-02-01', 160, NULL, NULL, 'Febrero 2026 — general DME', '2026-03-25T10:00:00Z', '2026-03-25T10:00:00Z'),
  ('f0000000-0000-0000-0000-000000000006', '10000000-0000-0000-0000-000000000002', '2026-03-01', 176, NULL, NULL, 'Marzo 2026 — general DME', '2026-03-25T10:00:00Z', '2026-03-25T10:00:00Z'),
  ('f0000000-0000-0000-0000-000000000007', '10000000-0000-0000-0000-000000000001', '2026-01-01', 150, '30000000-0000-0000-0000-000000000003', NULL, 'Override para depto Marketing Digital', '2026-03-25T10:00:00Z', '2026-03-25T10:00:00Z'),
  ('f0000000-0000-0000-0000-000000000008', '10000000-0000-0000-0000-000000000001', '2026-02-01', 140, NULL, '90000000-0000-0000-0000-000000000005', 'Override para Lucía — jornada reducida', '2026-03-25T10:00:00Z', '2026-03-25T10:00:00Z');
